CHROM	POS	REF	ALT	AF	GEN[unknown].DP	GEN[unknown].AD	ANN[0].EFFECT	ANN[0].IMPACT	ANN[0].GENE	ANN[0].HGVS_P
Chromosome	4013	T	C	1.0	19	0,19	missense_variant	MODERATE	recF	p.Ile245Thr
Chromosome	7362	G	C	1.0	13	0,13	missense_variant	MODERATE	gyrA	p.Glu21Gln
Chromosome	7582	ACAG	GCAC	1.0	13	0,13	missense_variant	MODERATE	gyrA	p.AspSer94GlyThr
Chromosome	9304	G	A	1.0	11	0,11	missense_variant	MODERATE	gyrA	p.Gly668Asp
Chromosome	11879	A	G	1.0	15	0,15	missense_variant	MODERATE	Rv0008c	p.Ser145Pro
Chromosome	14785	T	C	1.0	8	0,8	missense_variant	MODERATE	Rv0012	p.Cys233Arg
Chromosome	14861	G	T	1.0	9	0,9	missense_variant	MODERATE	Rv0012	p.Gly258Val
Chromosome	15117	C	G	1.0	11	0,11	missense_variant	MODERATE	trpG	p.Ile68Met
Chromosome	16119	C	A	1.0	8	0,8	missense_variant	MODERATE	pknB	p.Arg451Leu
Chromosome	28366	ATTAC	ATAC	1.0	12	0,12	frameshift_variant	HIGH	Rv0024	p.Tyr3fs
Chromosome	37305	C	G	1.0	13	0,13	missense_variant	MODERATE	fadD34	p.Ser16Trp
Chromosome	44768	A	G	1.0	23	0,23	missense_variant	MODERATE	leuS	p.Arg403Gly
Chromosome	49360	C	T	1.0	15	0,15	missense_variant	MODERATE	Rv0045c	p.Val194Ile
Chromosome	49690	GCCCTG	GCTG	1.0	12	0,12	frameshift_variant	HIGH	Rv0045c	p.Gly83fs
Chromosome	50557	T	C	1.0	15	0,15	missense_variant	MODERATE	ino1	p.Arg190Gly
Chromosome	51949	A	G	1.0	17	0,17	missense_variant	MODERATE	Rv0048c	p.Val250Ala
Chromosome	62049	A	G	1.0	9	0,9	missense_variant	MODERATE	dnaB	p.Arg552Gly
Chromosome	65150	C	T	1.0	17	0,17	stop_gained	HIGH	Rv0061c	p.Trp67*
Chromosome	68337	TCA	TCCA	1.0	12	0,12	frameshift_variant	HIGH	Rv0063	p.Met473fs
Chromosome	69989	G	A	1.0	13	0,13	missense_variant	MODERATE	Rv0064	p.Gly457Asp
Chromosome	70267	G	T	1.0	20	0,20	missense_variant	MODERATE	Rv0064	p.Val550Phe
Chromosome	70816	A	G	1.0	15	0,15	missense_variant	MODERATE	Rv0064	p.Asn733Asp
Chromosome	75940	G	C	1.0	15	0,15	missense_variant	MODERATE	Rv0068	p.Val214Leu
Chromosome	87468	C	T	1.0	14	0,14	missense_variant	MODERATE	Rv0078A	p.Glu112Lys
Chromosome	92745	A	G	1.0	18	0,18	missense_variant	MODERATE	hycD	p.Thr140Ala
Chromosome	99162	TCGGTGTGCGC	TC	1.0	12	0,12	disruptive_inframe_deletion	MODERATE	Rv0090	p.Val230_Gly232del
Chromosome	103743	GAGGAATCGTTCGG	GCGTAGCAGCTTCTCGT	1.0	8	0,8	missense_variant&conservative_inframe_insertion	MODERATE	Rv0094c	p.Pro303_Leu307delinsHisGluLysLeuLeuArg
Chromosome	105045	G	C	1.0	9	0,9	missense_variant	MODERATE	Rv0095c	p.Asp57Glu
Chromosome	105139	C	A	1.0	16	0,16	missense_variant	MODERATE	Rv0095c	p.Gly26Val
Chromosome	105736	T	C	1.0	13	0,13	missense_variant	MODERATE	PPE1	p.Val138Ala
Chromosome	122109	A	G	1.0	12	0,12	missense_variant	MODERATE	ctpB	p.Leu22Ser
Chromosome	123454	C	T	1.0	19	0,19	stop_gained	HIGH	Rv0104	p.Gln380*
Chromosome	123520	T	C	1.0	18	0,18	missense_variant	MODERATE	Rv0104	p.Tyr402His
Chromosome	125830	GAAAAGT	GAAAAAGT	1.0	15	0,15	frameshift_variant	HIGH	ctpI	p.Ser1571fs
Chromosome	139297	G	T	1.0	10	0,10	missense_variant	MODERATE	hddA	p.Gly262Val
Chromosome	141623	G	A	1.0	23	0,23	missense_variant	MODERATE	oxyS	p.Asp142Asn
Chromosome	143207	T	C	1.0	12	0,12	missense_variant	MODERATE	oxcA	p.Ser224Gly
Chromosome	146087	T	C	1.0	16	0,16	missense_variant	MODERATE	fusA2	p.Asn562Ser
Chromosome	147262	G	T	1.0	19	0,19	missense_variant	MODERATE	fusA2	p.Asp170Glu
Chromosome	154283	T	C	1.0	16	0,16	missense_variant	MODERATE	mak	p.Ser18Pro
Chromosome	156093	G	A	1.0	16	0,16	missense_variant	MODERATE	Rv0128	p.Val143Ile
Chromosome	162151	GTTTTTCG	GTTTTCG	1.0	8	0,8	frameshift_variant	HIGH	ephF	p.Phe129fs
Chromosome	163705	CC	TT	1.0	16	0,16	missense_variant	MODERATE	cyp138	p.Pro114Phe
Chromosome	188800	T	C	1.0	17	0,17	missense_variant	MODERATE	PE3	p.Thr14Ala
Chromosome	194305	CCA	CGGCA	1.0	18	0,17	frameshift_variant	HIGH	mce1R	p.Gly171fs
Chromosome	197705	G	A	1.0	17	0,17	missense_variant	MODERATE	yrbE1B	p.Ala16Thr
Chromosome	199470	T	G	1.0	18	0,18	missense_variant	MODERATE	mce1A	p.Ser313Ala
Chromosome	203038	T	C	1.0	23	0,23	missense_variant	MODERATE	mce1D	p.Ile188Thr
Chromosome	206339	T	C	1.0	19	0,19	missense_variant	MODERATE	mce1F	p.Leu370Pro
Chromosome	209387	T	G	1.0	15	0,15	missense_variant	MODERATE	Rv0178	p.Asp150Glu
Chromosome	213147	C	A	1.0	16	0,16	missense_variant	MODERATE	sigG	p.Asp332Tyr
Chromosome	213281	C	T	1.0	23	0,23	missense_variant	MODERATE	sigG	p.Gly287Asp
Chromosome	215977	C	T	1.0	14	0,14	missense_variant	MODERATE	Rv0185	p.Ala88Val
Chromosome	223942	T	C	1.0	11	0,11	missense_variant	MODERATE	Rv0192	p.Ser127Pro
Chromosome	225323	T	C	1.0	20	0,20	missense_variant	MODERATE	Rv0193c	p.Lys417Glu
Chromosome	227098	T	C	1.0	12	0,12	missense_variant	MODERATE	Rv0194	p.Met74Thr
Chromosome	229434	CCGTTC	CC	1.0	18	0,18	frameshift_variant	HIGH	Rv0194	p.Phe854fs
Chromosome	230170	C	T	1.0	8	0,8	missense_variant	MODERATE	Rv0194	p.Pro1098Leu
Chromosome	234477	T	G	1.0	13	0,13	stop_gained	HIGH	Rv0197	p.Tyr749*
Chromosome	234496	CCT	CGTCT	1.0	12	0,12	frameshift_variant	HIGH	Rv0197	p.Pro756fs
Chromosome	249350	G	A	1.0	11	0,11	missense_variant	MODERATE	Rv0209	p.Ala105Thr
Chromosome	249522	T	C	1.0	16	0,16	missense_variant	MODERATE	Rv0209	p.Val162Ala
Chromosome	251575	G	A	1.0	10	0,10	missense_variant	MODERATE	Rv0210	p.Ala486Thr
Chromosome	264129	G	A	1.0	24	0,24	missense_variant	MODERATE	Rv0221	p.Met21Ile
Chromosome	267751	G	C	1.0	9	0,9	missense_variant	MODERATE	Rv0223c	p.Ala5Gly
Chromosome	270430	G	C	1.0	13	0,13	missense_variant	MODERATE	Rv0226c	p.Pro379Ala
Chromosome	305188	G	T	1.0	20	0,20	missense_variant	MODERATE	nirB	p.Val775Leu
Chromosome	308776	A	C	1.0	18	0,18	missense_variant	MODERATE	PPE2	p.Tyr258Asp
Chromosome	310973	G	A	1.0	10	0,10	missense_variant	MODERATE	Rv0259c	p.Ala182Val
Chromosome	315751	T	C	1.0	18	0,18	missense_variant	MODERATE	Rv0263c	p.Ile6Val
Chromosome	320602	C	A	1.0	17	0,17	missense_variant	MODERATE	oplA	p.Ala185Ser
Chromosome	340132	G	A	1.0	10	0,10	missense_variant	MODERATE	PPE3	p.Glu257Lys
Chromosome	342146	A	C	1.0	14	0,14	missense_variant	MODERATE	eccA3	p.Glu6Ala
Chromosome	344526	G	T	1.0	10	0,10	missense_variant	MODERATE	eccB3	p.Val169Leu
Chromosome	346275	C	G	1.0	21	0,21	missense_variant	MODERATE	eccC3	p.Pro214Arg
Chromosome	353309	G	A	1.0	11	0,11	missense_variant	MODERATE	eccD3	p.Ser76Asn
Chromosome	353365	G	A	1.0	14	0,14	missense_variant	MODERATE	eccD3	p.Ala95Thr
Chromosome	356528	A	G	1.0	13	0,13	missense_variant	MODERATE	eccE3	p.Asn217Asp
Chromosome	356980	C	T	1.0	12	0,12	stop_gained	HIGH	Rv0293c	p.Trp362*
Chromosome	373282	TAAGT	TAGT	1.0	18	0,18	frameshift_variant	HIGH	PPE6	p.Leu810fs
Chromosome	379528	G	T	1.0	17	0,17	missense_variant	MODERATE	Rv0311	p.Glu119Asp
Chromosome	384380	A	C	1.0	19	0,19	missense_variant	MODERATE	Rv0315	p.Lys260Thr
Chromosome	384880	A	G	1.0	14	0,14	missense_variant	MODERATE	Rv0316	p.Met116Val
Chromosome	386432	C	G	1.0	14	0,14	missense_variant	MODERATE	Rv0318c	p.Gly223Ala
Chromosome	390828	T	C	1.0	14	0,14	missense_variant	MODERATE	Rv0323c	p.Ser142Gly
Chromosome	391853	A	G	1.0	11	0,11	missense_variant	MODERATE	Rv0324	p.Thr168Ala
Chromosome	392261	T	C	1.0	15	0,15	stop_lost&splice_region_variant	HIGH	Rv0325	p.Ter75Glnext*?
Chromosome	403980	G	A	1.0	21	0,21	missense_variant	MODERATE	Rv0338c	p.Ala621Val
Chromosome	404326	T	C	1.0	15	0,15	missense_variant	MODERATE	Rv0338c	p.Arg506Gly
Chromosome	411399	T	G	1.0	10	0,10	missense_variant	MODERATE	iniA	p.Ser188Ala
Chromosome	424320	TCCTA	TCCCTA	1.0	14	0,14	frameshift_variant	HIGH	PPE7	p.Ile126fs
Chromosome	425426	A	G	1.0	11	0,11	missense_variant	MODERATE	PPE8	p.Val3085Ala
Chromosome	445780	C	T	1.0	12	0,12	missense_variant	MODERATE	Rv0368c	p.Arg249His
Chromosome	449943	C	T	1.0	14	0,14	missense_variant	MODERATE	Rv0373c	p.Gly621Ser
Chromosome	454333	T	G	1.0	8	0,8	missense_variant	MODERATE	Rv0376c	p.Thr14Pro
Chromosome	467546	G	C	1.0	10	0,10	missense_variant	MODERATE	PPE9	p.Asp152Glu
Chromosome	467557	A	C	1.0	9	0,9	missense_variant	MODERATE	PPE9	p.Leu149Val
Chromosome	467564	A	C	1.0	10	0,10	missense_variant	MODERATE	PPE9	p.His146Gln
Chromosome	467585	G	C	1.0	10	0,10	missense_variant	MODERATE	PPE9	p.His139Gln
Chromosome	467590	T	C	1.0	10	0,10	missense_variant	MODERATE	PPE9	p.Thr138Ala
Chromosome	467638	G	T	1.0	10	0,10	missense_variant	MODERATE	PPE9	p.Gln122Lys
Chromosome	475178	T	C	1.0	14	0,14	missense_variant	MODERATE	Rv0395	p.Val80Ala
Chromosome	477234	T	G	1.0	8	0,8	missense_variant	MODERATE	Rv0398c	p.Glu29Asp
Chromosome	484596	C	T	1.0	14	0,14	missense_variant	MODERATE	fadD30	p.Pro207Leu
Chromosome	485810	CAAATG	CAATG	1.0	17	0,17	frameshift_variant	HIGH	pks6	p.Asn28fs
Chromosome	489577	T	C	1.0	11	0,11	missense_variant	MODERATE	pks6	p.Phe1283Leu
Chromosome	489935	G	C	1.0	17	0,17	missense_variant	MODERATE	pks6	p.Arg1402Pro
Chromosome	492150	G	C	1.0	15	0,15	missense_variant	MODERATE	pta	p.Gly122Ala
Chromosome	497205	C	T	1.0	8	0,8	missense_variant	MODERATE	pknG	p.Arg37His
Chromosome	498557	C	A	1.0	15	0,15	missense_variant	MODERATE	Rv0412c	p.Asp355Tyr
Chromosome	502589	C	G	1.0	9	0,9	missense_variant	MODERATE	thiG	p.Ser75Cys
Chromosome	505974	G	A	1.0	12	0,12	missense_variant	MODERATE	lpqM	p.Ala297Thr
Chromosome	513257	T	C	1.0	17	0,17	missense_variant	MODERATE	ctpH	p.Met689Val
Chromosome	517358	T	C	1.0	17	0,17	missense_variant	MODERATE	Rv0428c	p.Asp149Gly
Chromosome	524891	C	A	1.0	15	0,15	missense_variant	MODERATE	pssA	p.Gly167Val
Chromosome	533547	C	G	1.0	12	0,12	missense_variant	MODERATE	rskA	p.Glu81Asp
Chromosome	545502	T	C	1.0	16	0,16	missense_variant	MODERATE	Rv0455c	p.Asp107Gly
Chromosome	548058	G	A	1.0	11	0,11	missense_variant	MODERATE	Rv0457c	p.Thr517Ile
Chromosome	549363	C	G	1.0	13	0,13	missense_variant	MODERATE	Rv0457c	p.Arg82Pro
Chromosome	555991	A	G	1.0	15	0,15	missense_variant	MODERATE	Rv0465c	p.Cys106Arg
Chromosome	584171	T	C	1.0	10	0,10	missense_variant	MODERATE	Rv0493c	p.Ser174Gly
Chromosome	598475	G	A	1.0	17	0,17	missense_variant	MODERATE	mmpL2	p.Arg426His
Chromosome	620625	A	G	1.0	20	0,20	missense_variant	MODERATE	ccsA	p.Ile245Met
Chromosome	628864	T	C	1.0	11	0,11	missense_variant	MODERATE	Rv0537c	p.Thr290Ala
Chromosome	630722	G	C	1.0	10	0,10	missense_variant	MODERATE	Rv0538	p.Arg228Pro
Chromosome	637319	G	A	1.0	10	0,10	missense_variant	MODERATE	pitA	p.Pro49Ser
Chromosome	648002	T	G	1.0	21	0,21	missense_variant	MODERATE	Rv0556	p.Leu15Arg
Chromosome	652927	A	T	1.0	13	0,13	missense_variant	MODERATE	grcC1	p.Asn53Tyr
Chromosome	657142	C	T	1.0	13	0,13	missense_variant	MODERATE	Rv0565c	p.Arg110His
Chromosome	663278	G	A	1.0	16	0,16	missense_variant	MODERATE	nrdZ	p.Gly662Arg
Chromosome	665293	A	G	1.0	10	0,10	missense_variant	MODERATE	Rv0572c	p.Phe31Leu
Chromosome	669033	T	A	1.0	10	0,10	missense_variant	MODERATE	Rv0575c	p.Asp238Val
Chromosome	670545	G	A	1.0	16	0,16	missense_variant	MODERATE	Rv0576	p.Arg233His
Chromosome	686972	T	C	1.0	13	0,13	missense_variant	MODERATE	mce2A	p.Phe51Ser
Chromosome	688792	TGGGGCGGA	TGGGGGCGGA	1.0	22	0,20	frameshift_variant	HIGH	mce2B	p.Arg256fs
Chromosome	694531	A	G	1.0	14	0,14	missense_variant	MODERATE	mce2F	p.Asn432Ser
Chromosome	712693	A	G	1.0	10	0,10	missense_variant	MODERATE	galTb	p.Thr174Ala
Chromosome	713310	T	C	1.0	8	0,8	missense_variant	MODERATE	galK	p.Cys199Arg
Chromosome	730077	CGCCCACGCGG	CG	1.0	19	0,19	disruptive_inframe_deletion	MODERATE	Rv0633c	p.Ala28_Ala30del
Chromosome	738522	T	G	1.0	14	0,14	missense_variant	MODERATE	mmaA2	p.Glu213Asp
Chromosome	754186	A	G	1.0	10	0,10	missense_variant	MODERATE	Rv0658c	p.Leu75Pro
Chromosome	757139	C	A	1.0	14	0,14	missense_variant	MODERATE	atsD	p.Arg335Ser
Chromosome	757182	A	G	1.0	18	0,18	missense_variant	MODERATE	atsD	p.Asp349Gly
Chromosome	759939	C	T	1.0	13	0,13	missense_variant	MODERATE	rpoB	p.Pro45Ser
Chromosome	761155	C	T	1.0	19	0,19	missense_variant	MODERATE	rpoB	p.Ser450Leu
Chromosome	761441	C	G	1.0	11	0,11	missense_variant	MODERATE	rpoB	p.Asp545Glu
Chromosome	773497	C	A	1.0	11	0,11	missense_variant	MODERATE	echA4	p.Phe125Leu
Chromosome	775639	T	C	1.0	11	0,11	missense_variant	MODERATE	mmpL5	p.Ile948Val
Chromosome	776100	G	A	1.0	13	0,13	missense_variant	MODERATE	mmpL5	p.Thr794Ile
Chromosome	779615	G	C	1.0	20	0,20	missense_variant	MODERATE	Rv0679c	p.Asn142Lys
Chromosome	781687	A	G	1.0	17	0,17	missense_variant	MODERATE	rpsL	p.Lys43Arg
Chromosome	798355	G	C	1.0	12	0,12	missense_variant	MODERATE	Rv0697	p.Ala475Pro
Chromosome	799666	A	G	1.0	8	0,8	missense_variant	MODERATE	Rv0699	p.Asp13Gly
Chromosome	820483	G	T	1.0	9	0,9	missense_variant	MODERATE	fucA	p.Ala6Asp
Chromosome	820752	C	T	1.0	9	0,9	missense_variant	MODERATE	serA2	p.Arg242His
Chromosome	852910	C	T	1.0	16	0,16	missense_variant	MODERATE	phoR	p.Pro172Leu
Chromosome	860688	G	T	1.0	18	0,18	missense_variant	MODERATE	Rv0767c	p.Thr8Asn
Chromosome	861216	T	G	1.0	9	0,9	missense_variant	MODERATE	aldA	p.Leu102Arg
Chromosome	866051	G	A	1.0	11	0,11	missense_variant	MODERATE	ggtA	p.Arg447Cys
Chromosome	874835	CCA	CCGCA	1.0	16	0,16	frameshift_variant	HIGH	ptrBa	p.His202fs
Chromosome	880562	G	T	1.0	17	0,17	missense_variant	MODERATE	Rv0785	p.Cys408Phe
Chromosome	882257	T	C	1.0	9	0,9	missense_variant	MODERATE	Rv0787	p.Tyr267His
Chromosome	893733	T	G	1.0	8	0,8	missense_variant	MODERATE	pepC	p.Leu139Arg
Chromosome	903537	G	T	1.0	9	0,9	missense_variant	MODERATE	purF	p.Arg476Leu
Chromosome	906857	A	G	1.0	10	0,10	missense_variant	MODERATE	Rv0812	p.Ile145Met
Chromosome	908186	T	C	1.0	11	0,11	missense_variant	MODERATE	sseC2	p.Thr100Ala
Chromosome	919351	A	C	1.0	13	0,13	missense_variant	MODERATE	Rv0825c	p.Phe68Cys
Chromosome	921813	C	G	1.0	13	0,13	missense_variant	MODERATE	Rv0829	p.Ala80Gly
Chromosome	932280	T	C	1.0	10	0,10	stop_lost&splice_region_variant	HIGH	Rv0836c	p.Ter218Trpext*?
Chromosome	940602	C	G	1.0	14	0,14	missense_variant	MODERATE	narL	p.Gly169Arg
Chromosome	941845	C	A	1.0	17	0,17	missense_variant	MODERATE	Rv0845	p.Ala219Glu
Chromosome	945214	G	A	1.0	23	0,23	missense_variant	MODERATE	cysK2	p.Gly93Ser
Chromosome	955524	A	G	1.0	8	0,8	missense_variant	MODERATE	fadA	p.Ser150Gly
Chromosome	960367	A	G	1.0	20	0,20	missense_variant	MODERATE	Rv0862c	p.Leu749Ser
Chromosome	972980	C	T	1.0	13	0,13	missense_variant	MODERATE	Rv0874c	p.Gly243Ser
Chromosome	979704	G	C	1.0	22	0,22	missense_variant	MODERATE	Rv0881	p.Gly115Arg
Chromosome	987585	AGGGGGGCA	AGGGGGGGCA	1.0	13	0,13	frameshift_variant	HIGH	Rv0888	p.Thr121fs
Chromosome	990001	G	C	1.0	9	0,9	missense_variant	MODERATE	Rv0890c	p.Pro866Ala
Chromosome	993346	A	C	1.0	26	0,26	missense_variant	MODERATE	Rv0891c	p.Val37Gly
Chromosome	996205	T	C	1.0	24	0,24	missense_variant	MODERATE	Rv0893c	p.Lys31Glu
Chromosome	1010204	CGGTT	CGGGTT	1.0	15	0,15	frameshift_variant	HIGH	Rv0907	p.Cys25fs
Chromosome	1011511	A	C	1.0	22	0,22	missense_variant	MODERATE	Rv0907	p.Tyr459Ser
Chromosome	1023467	G	A	1.0	12	0,12	missense_variant	MODERATE	betP	p.Val461Met
Chromosome	1024346	A	G	1.0	14	0,14	missense_variant	MODERATE	Rv0918	p.Ser46Gly
Chromosome	1028217	G	A	1.0	14	0,14	missense_variant	MODERATE	Rv0922	p.Gly178Asp
Chromosome	1029698	C	T	1.0	13	0,13	missense_variant	MODERATE	Rv0923c	p.Glu294Lys
Chromosome	1034208	CGCTG	CG	1.0	12	0,12	conservative_inframe_deletion	MODERATE	Rv0927c	p.Ser141del
Chromosome	1037012	T	C	1.0	14	0,14	missense_variant	MODERATE	pstA1	p.Met5Thr
Chromosome	1037911	C	T	1.0	16	0,16	stop_gained	HIGH	pstA1	p.Arg305*
Chromosome	1054784	C	G	1.0	19	0,19	missense_variant	MODERATE	Rv0945	p.Arg180Gly
Chromosome	1070702	T	C	1.0	11	0,11	missense_variant	MODERATE	Rv0958	p.Ser274Pro
Chromosome	1071966	A	G	1.0	18	0,18	missense_variant	MODERATE	Rv0959	p.Asn238Asp
Chromosome	1074558	G	A	1.0	17	0,17	missense_variant	MODERATE	lprP	p.Pro186Leu
Chromosome	1076309	G	T	1.0	13	0,13	missense_variant	MODERATE	Rv0964c	p.Pro124Thr
Chromosome	1079697	G	C	1.0	15	0,15	missense_variant	MODERATE	ctpV	p.Val319Leu
Chromosome	1080192	G	A	1.0	14	0,14	missense_variant	MODERATE	ctpV	p.Asp484Asn
Chromosome	1087193	G	C	1.0	16	0,16	missense_variant	MODERATE	accD2	p.Asn51Lys
Chromosome	1098523	T	A	1.0	11	0,11	missense_variant	MODERATE	mprB	p.Leu339His
Chromosome	1104690	T	G	1.0	19	0,19	missense_variant	MODERATE	Rv0987	p.Phe717Val
Chromosome	1106422	T	C	1.0	16	0,16	missense_variant	MODERATE	grcC2	p.Ile321Val
Chromosome	1107940	A	C	1.0	15	0,15	missense_variant	MODERATE	Rv0990c	p.Ser54Ala
Chromosome	1109975	A	G	1.0	17	0,17	missense_variant	MODERATE	galU	p.Gln235Arg
Chromosome	1126889	G	C	1.0	15	0,15	missense_variant	MODERATE	metS	p.Arg39Gly
Chromosome	1127648	C	A	1.0	17	0,17	missense_variant	MODERATE	tatD	p.Thr187Asn
Chromosome	1144585	A	G	1.0	14	0,14	missense_variant	MODERATE	eno	p.Arg8Gly
Chromosome	1145848	A	C	1.0	16	0,16	missense_variant	MODERATE	eno	p.Lys429Gln
Chromosome	1150585	G	A	1.0	12	0,12	missense_variant	MODERATE	kdpD	p.Pro368Ser
Chromosome	1168009	GCCCCCGA	GCCCCGA	1.0	13	0,13	frameshift_variant	HIGH	Rv1045	p.Glu115fs
Chromosome	1168715	CTTCC	CTTTCC	1.0	21	0,21	frameshift_variant	HIGH	Rv1046c	p.Ala172fs
Chromosome	1168776	T	G	1.0	15	0,15	missense_variant	MODERATE	Rv1046c	p.Arg151Ser
Chromosome	1172085	C	A	1.0	20	0,20	missense_variant	MODERATE	Rv1048c	p.Glu23Asp
Chromosome	1201581	A	C	1.0	9	0,9	missense_variant	MODERATE	lipU	p.Gln272Pro
Chromosome	1211369	A	C	1.0	27	0,27	missense_variant	MODERATE	Rv1086	p.Ser259Arg
Chromosome	1215104	ATTGG	ATGG	1.0	22	0,22	frameshift_variant	HIGH	PE10	p.Leu113fs
Chromosome	1215742	GC	AA	1.0	18	0,18	missense_variant	MODERATE	celA2b	p.Gln49Lys
Chromosome	1220680	T	C	1.0	12	0,12	missense_variant	MODERATE	glyA1	p.Val36Ala
Chromosome	1230778	G	A	1.0	13	0,13	missense_variant	MODERATE	mazF3	p.Thr65Ile
Chromosome	1248382	A	G	1.0	10	0,10	missense_variant	MODERATE	Rv1125	p.Ser101Gly
Chromosome	1251199	C	T	1.0	17	0,17	missense_variant	MODERATE	ppdK	p.Gly69Glu
Chromosome	1252053	AGGCC	AGCC	1.0	14	0,14	frameshift_variant	HIGH	Rv1128c	p.Leu307fs
Chromosome	1252164	T	C	1.0	27	0,27	missense_variant	MODERATE	Rv1128c	p.Glu270Gly
Chromosome	1254562	A	G	1.0	17	0,17	missense_variant	MODERATE	prpD	p.Asp3Gly
Chromosome	1272748	T	G	1.0	9	0,9	missense_variant	MODERATE	mmpL13a	p.Val109Gly
Chromosome	1273250	GCT	GACT	1.0	13	0,12	frameshift_variant	HIGH	mmpL13a	p.Leu277fs
Chromosome	1281118	T	C	1.0	21	0,21	missense_variant	MODERATE	Rv1154c	p.Thr123Ala
Chromosome	1283742	G	C	1.0	18	0,18	missense_variant	MODERATE	Rv1157c	p.Pro144Ala
Chromosome	1285001	A	C	1.0	17	0,17	missense_variant	MODERATE	pimE	p.Thr4Pro
Chromosome	1299305	G	A	1.0	13	0,13	missense_variant	MODERATE	PPE17	p.Pro167Leu
Chromosome	1305779	C	T	1.0	17	0,17	missense_variant	MODERATE	TB8.4	p.Ala75Thr
Chromosome	1307598	C	G	1.0	15	0,15	missense_variant	MODERATE	fadH	p.Cys210Ser
Chromosome	1312065	A	C	1.0	14	0,14	missense_variant	MODERATE	Rv1179c	p.Val412Gly
Chromosome	1315191	A	C	1.0	11	0,11	stop_lost&splice_region_variant	HIGH	pks3	p.Ter489Tyrext*?
Chromosome	1322741	A	G	1.0	15	0,15	missense_variant	MODERATE	mmpL10	p.Thr408Ala
Chromosome	1328687	G	C	1.0	8	0,8	missense_variant	MODERATE	Rv1186c	p.Pro207Ala
Chromosome	1340208	G	A	1.0	13	0,13	missense_variant	MODERATE	PPE18	p.Arg287Gln
Chromosome	1349733	G	C	1.0	16	0,16	missense_variant	MODERATE	fadD6	p.Glu134Asp
Chromosome	1358345	G	T	1.0	14	0,14	missense_variant	MODERATE	Rv1215c	p.Pro367Gln
Chromosome	1361285	C	T	1.0	11	0,11	missense_variant	MODERATE	Rv1217c	p.Ala173Thr
Chromosome	1362006	T	C	1.0	19	0,19	missense_variant	MODERATE	Rv1218c	p.Gln243Arg
Chromosome	1363070	G	C	1.0	14	0,14	missense_variant	MODERATE	Rv1219c	p.Leu98Val
Chromosome	1367484	T	G	1.0	18	0,17	missense_variant	MODERATE	tatB	p.Trp8Gly
Chromosome	1368322	CGGCA	CGGGCA	1.0	10	0,10	frameshift_variant	HIGH	Rv1225c	p.Gly134fs
Chromosome	1374065	T	C	1.0	10	0,10	missense_variant	MODERATE	Rv1230c	p.Ser45Gly
Chromosome	1375724	A	C	1.0	20	0,20	missense_variant	MODERATE	Rv1232c	p.Cys149Gly
Chromosome	1382628	T	C	1.0	16	0,16	missense_variant	MODERATE	corA	p.Lys139Glu
Chromosome	1390763	C	T	1.0	25	0,25	missense_variant	MODERATE	Rv1248c	p.Val764Met
Chromosome	1406760	TCG	TGCG	1.0	10	0,10	frameshift_variant	HIGH	Rv1258c	p.Glu194fs
Chromosome	1414021	C	T	1.0	10	0,10	missense_variant	MODERATE	pknH	p.Arg607Gln
Chromosome	1457144	C	T	1.0	15	0,15	missense_variant	MODERATE	hemK	p.Arg194Cys
Chromosome	1467660	G	T	1.0	18	0,18	missense_variant	MODERATE	atpC	p.Ala116Ser
Chromosome	1468208	A	C	1.0	9	0,9	missense_variant	MODERATE	Rv1313c	p.Leu433Arg
Chromosome	1477522	C	A	1.0	12	0,12	missense_variant	MODERATE	ogt	p.Arg37Leu
Chromosome	1479085	T	C	1.0	9	0,9	missense_variant	MODERATE	alkA	p.Ile12Val
Chromosome	1482627	T	C	1.0	18	0,18	missense_variant	MODERATE	Rv1320c	p.Thr531Ala
Chromosome	1484708	A	C	1.0	24	0,24	missense_variant	MODERATE	Rv1321	p.Ser144Arg
Chromosome	1498951	G	T	1.0	21	0,21	missense_variant	MODERATE	dinG	p.Thr80Lys
Chromosome	1536251	G	T	1.0	14	0,14	missense_variant	MODERATE	Rv1364c	p.Ala465Glu
Chromosome	1540141	T	C	1.0	11	0,11	missense_variant	MODERATE	Rv1367c	p.Ile169Val
Chromosome	1541798	C	T	1.0	18	0,18	missense_variant	MODERATE	lprF	p.Ala260Val
Chromosome	1546703	C	T	1.0	14	0,14	missense_variant	MODERATE	Rv1373	p.Pro231Leu
Chromosome	1547125	T	C	1.0	12	0,12	missense_variant	MODERATE	Rv1374c	p.Thr136Ala
Chromosome	1551392	T	G	1.0	26	0,26	missense_variant	MODERATE	Rv1378c	p.Ser422Arg
Chromosome	1552547	G	A	1.0	9	0,9	missense_variant	MODERATE	Rv1378c	p.Arg37Trp
Chromosome	1556787	T	C	1.0	12	0,12	missense_variant	MODERATE	carA	p.Ser273Pro
Chromosome	1561939	G	C	1.0	14	0,14	missense_variant	MODERATE	PPE20	p.Glu57Asp
Chromosome	1570566	C	A	1.0	13	0,12	missense_variant	MODERATE	cyp132	p.Arg135Leu
Chromosome	1576481	T	G	1.0	11	0,11	missense_variant	MODERATE	lipI	p.Thr106Pro
Chromosome	1576527	G	T	1.0	14	0,14	missense_variant	MODERATE	lipI	p.Phe90Leu
Chromosome	1594906	G	A	1.0	13	0,13	missense_variant	MODERATE	uvrC	p.Val289Ile
Chromosome	1595342	T	C	1.0	13	0,13	missense_variant	MODERATE	uvrC	p.Val434Ala
Chromosome	1608276	A	C	1.0	21	0,21	missense_variant	MODERATE	Rv1431	p.Asn65Thr
Chromosome	1617302	G	T	1.0	13	0,13	missense_variant	MODERATE	Rv1439c	p.Leu29Ile
Chromosome	1620181	C	G	1.0	14	0,14	missense_variant	MODERATE	bisC	p.Leu131Val
Chromosome	1622580	C	A	1.0	10	0,10	missense_variant	MODERATE	Rv1443c	p.Arg38Leu
Chromosome	1624791	C	G	1.0	16	0,16	missense_variant	MODERATE	opcA	p.Arg192Pro
Chromosome	1627351	T	C	1.0	14	0,14	missense_variant	MODERATE	tal	p.Thr244Ala
Chromosome	1630148	A	C	1.0	21	0,21	missense_variant	MODERATE	tkt	p.Tyr18Asp
Chromosome	1639594	C	A	1.0	16	0,16	missense_variant	MODERATE	Rv1453	p.Pro405Gln
Chromosome	1643864	T	C	1.0	16	0,16	missense_variant	MODERATE	Rv1458c	p.Thr133Ala
Chromosome	1645802	T	C	1.0	21	0,21	missense_variant	MODERATE	Rv1459c	p.Lys113Glu
Chromosome	1647436	G	A	1.0	14	0,14	missense_variant	MODERATE	Rv1461	p.Val150Ile
Chromosome	1651308	A	G	1.0	12	0,12	missense_variant	MODERATE	Rv1463	p.Glu198Gly
Chromosome	1676290	C	A	1.0	21	0,21	missense_variant	MODERATE	Rv1486c	p.Lys198Asn
Chromosome	1678706	A	C	1.0	17	0,17	missense_variant	MODERATE	Rv1489	p.Lys52Thr
Chromosome	1689349	C	T	1.0	20	0,20	missense_variant	MODERATE	Rv1498c	p.Arg191His
Chromosome	1693561	A	G	1.0	11	0,11	missense_variant	MODERATE	Rv1502	p.Tyr213Cys
Chromosome	1695796	C	T	1.0	34	0,34	missense_variant	MODERATE	Rv1505c	p.Ala51Thr
Chromosome	1699849	G	A	1.0	31	0,31	missense_variant	MODERATE	Rv1508c	p.Pro16Ser
Chromosome	1709432	C	T	1.0	9	0,9	missense_variant	MODERATE	Rv1517	p.Leu188Phe
Chromosome	1711670	C	T	1.0	17	0,17	missense_variant	MODERATE	Rv1520	p.Arg215Cys
Chromosome	1713346	CAACCGC	CAACCGAACCGC	1.0	12	0,12	frameshift_variant	HIGH	fadD25	p.Pro351fs
Chromosome	1716472	A	G	1.0	14	0,14	missense_variant	MODERATE	mmpL12	p.Ser381Pro
Chromosome	1722228	A	C	1.0	9	0,9	missense_variant	MODERATE	pks5	p.Leu2061Arg
Chromosome	1733325	C	G	1.0	23	0,23	missense_variant	MODERATE	Rv1532c	p.Ala76Pro
Chromosome	1752561	T	C	1.0	11	0,11	missense_variant	MODERATE	PPE21	p.Asp258Gly
Chromosome	1753519	GCCCCGT	GCCCCCGT	1.0	9	0,9	frameshift_variant	HIGH	fadD11.1	p.Cys6fs
Chromosome	1756358	CGGGCA	CGGCA	1.0	17	0,17	frameshift_variant	HIGH	plsB1	p.Gly306fs
Chromosome	1760292	A	G	1.0	8	0,8	missense_variant	MODERATE	frdC	p.Met40Val
Chromosome	1770904	A	G	1.0	19	0,19	missense_variant	MODERATE	treX	p.Leu233Pro
Chromosome	1778430	T	C	1.0	14	0,14	missense_variant	MODERATE	bioD	p.Met191Thr
Chromosome	1789564	CC	TA	1.0	8	0,8	missense_variant	MODERATE	Rv1588c	p.Arg91Leu
Chromosome	1789650	CGTCA	TGTCG	1.0	22	0,22	missense_variant	MODERATE	Rv1588c	p.Ala63Thr
Chromosome	1792777	TT	CC	1.0	18	0,18	missense_variant	MODERATE	Rv1592c	p.Ile322Val
Chromosome	1798355	G	A	1.0	9	0,9	missense_variant	MODERATE	Rv1597	p.Gly21Asp
Chromosome	1803264	AGC	AAC	1.0	19	0,17	missense_variant	MODERATE	hisH	p.Ser201Asn
Chromosome	1804409	C	A	1.0	13	0,13	missense_variant	MODERATE	impA	p.Pro124Gln
Chromosome	1817976	A	T	1.0	26	0,26	missense_variant	MODERATE	tesB1	p.His121Leu
Chromosome	1831220	A	C	1.0	9	0,9	missense_variant	MODERATE	polA	p.Thr186Pro
Chromosome	1839759	G	C	1.0	13	0,13	missense_variant	MODERATE	Rv1634	p.Gly198Arg
Chromosome	1856777	G	C	1.0	17	0,17	missense_variant	MODERATE	Rv1647	p.Ala2Pro
Chromosome	1859559	C	A	1.0	21	0,21	missense_variant	MODERATE	pheS	p.Ala276Asp
Chromosome	1877744	A	C	1.0	9	0,9	missense_variant	MODERATE	pks7	p.Glu814Ala
Chromosome	1885385	T	G	1.0	16	0,16	missense_variant	MODERATE	pks8	p.Leu1228Val
Chromosome	1885772	G	A	1.0	13	0,13	missense_variant	MODERATE	pks8	p.Ala1357Thr
Chromosome	1906078	A	G	1.0	20	0,20	missense_variant	MODERATE	moeX	p.Thr277Ala
Chromosome	1912491	A	G	1.0	18	0,18	missense_variant	MODERATE	Rv1687c	p.Ser144Pro
Chromosome	1930555	A	G	1.0	10	0,10	missense_variant	MODERATE	cycA	p.Val301Ala
Chromosome	1931179	C	A	1.0	16	0,16	missense_variant	MODERATE	cycA	p.Arg93Leu
Chromosome	1944107	A	G	1.0	14	0,14	missense_variant	MODERATE	Rv1716	p.Ser178Gly
Chromosome	1944402	T	C	1.0	8	0,8	missense_variant	MODERATE	Rv1716	p.Val276Ala
Chromosome	1955760	CGAAG	CG	1.0	10	0,10	conservative_inframe_deletion	MODERATE	Rv1730c	p.Phe495del
Chromosome	1955941	G	C	1.0	20	0,20	missense_variant	MODERATE	Rv1730c	p.Asp435Glu
Chromosome	1967237	C	A	1.0	15	0,15	missense_variant	MODERATE	Rv1739c	p.Arg134Leu
Chromosome	1967543	C	A	1.0	14	0,14	missense_variant	MODERATE	Rv1739c	p.Gly32Val
Chromosome	2003827	A	C	1.0	14	0,14	missense_variant	MODERATE	Rv1769	p.Asp401Ala
Chromosome	2009290	GCCCCCAG	GCCCCAG	1.0	12	0,12	frameshift_variant	HIGH	Rv1775	p.Gln42fs
Chromosome	2023628	C	G	1.0	12	0,12	missense_variant	MODERATE	cyp143	p.Gly334Ala
Chromosome	2049065	T	C	1.0	21	0,20	missense_variant	MODERATE	PPE31	p.Phe223Ser
Chromosome	2049097	G	C	1.0	27	0,27	missense_variant	MODERATE	PPE31	p.Val234Leu
Chromosome	2050569	G	A	1.0	19	0,19	missense_variant	MODERATE	PPE32	p.Ala217Thr
Chromosome	2050822	G	C	1.0	10	0,10	missense_variant	MODERATE	PPE32	p.Gly301Ala
Chromosome	2052035	G	T	1.0	9	0,9	missense_variant	MODERATE	PPE33	p.Val252Leu
Chromosome	2055271	A	G	1.0	16	0,16	missense_variant	MODERATE	Rv1812c	p.Leu30Pro
Chromosome	2057774	A	T	1.0	10	0,10	missense_variant	MODERATE	Rv1815	p.Ile83Phe
Chromosome	2072313	C	A	1.0	21	0,21	missense_variant	MODERATE	gcvH	p.Thr121Lys
Chromosome	2102140	GCCGG	GCCCGG	1.0	11	0,11	frameshift_variant	HIGH	ndh	p.Arg302fs
Chromosome	2122395	C	T	1.0	25	0,25	missense_variant	MODERATE	lldD2	p.Val253Met
Chromosome	2122976	C	G	1.0	8	0,8	missense_variant	MODERATE	lldD2	p.Gly59Ala
Chromosome	2133468	TTC	TTCGCATGCCGTCACCTC	0.5	11	1,10	conservative_inframe_insertion	MODERATE	Rv1883c	p.Cys74_Glu75insGluValThrAlaCys
Chromosome	2134782	C	G	1.0	19	0,19	missense_variant	MODERATE	Rv1885c	p.Ala31Pro
Chromosome	2137521	ACA	ACTCCGATCACCA	1.0	18	0,18	frameshift_variant	HIGH	Rv1888c	p.Ter187fs
Chromosome	2143328	G	C	1.0	14	0,14	missense_variant	MODERATE	Rv1895	p.Val270Leu
Chromosome	2147022	A	C	1.0	22	0,22	missense_variant	MODERATE	lipJ	p.Ile204Met
Chromosome	2151222	T	G	1.0	26	0,26	missense_variant	MODERATE	Rv1904	p.Leu90Trp
Chromosome	2154724	C	A	1.0	19	0,19	missense_variant	MODERATE	katG	p.Arg463Leu
Chromosome	2155541	A	C	1.0	13	0,13	missense_variant	MODERATE	katG	p.Trp191Gly
Chromosome	2156552	G	A	1.0	15	0,15	missense_variant	MODERATE	furA	p.Ala14Val
Chromosome	2158109	T	C	1.0	26	0,26	missense_variant	MODERATE	fadB5	p.Asp328Gly
Chromosome	2160998	G	A	1.0	17	0,17	missense_variant	MODERATE	aceAa	p.Gly179Asp
Chromosome	2161343	GTTTTAC	GTTTTTAC	1.0	10	0,9	frameshift_variant	HIGH	aceAa	p.Thr296fs
Chromosome	2165286	A	C	1.0	10	0,10	missense_variant	MODERATE	PPE34	p.Ser676Ala
Chromosome	2167926	A	G	1.0	11	0,11	missense_variant	MODERATE	PPE35	p.Leu896Ser
Chromosome	2172380	A	C	1.0	11	0,11	missense_variant	MODERATE	Rv1920	p.Glu253Ala
Chromosome	2177366	C	T	1.0	17	0,17	missense_variant	MODERATE	fadD31	p.Arg94Cys
Chromosome	2179825	G	C	1.0	11	0,11	missense_variant	MODERATE	Rv1927	p.Glu51Asp
Chromosome	2185674	ATCC	GTCC	1.0	18	0,16	missense_variant	MODERATE	fadE17	p.Ile172Thr
Chromosome	2187587	G	C	1.0	15	0,15	missense_variant	MODERATE	Rv1936	p.Gln68His
Chromosome	2191498	G	T	1.0	13	0,13	missense_variant	MODERATE	ephB	p.Gly158Trp
Chromosome	2195576	G	T	1.0	16	0,16	missense_variant	MODERATE	Rv1944c	p.Ala120Glu
Chromosome	2195864	G	A	1.0	14	0,14	missense_variant	MODERATE	Rv1944c	p.Ala24Val
Chromosome	2199052	C	G	1.0	11	0,11	missense_variant	MODERATE	Rv1948c	p.Gly5Arg
Chromosome	2201808	C	G	1.0	12	0,12	missense_variant	MODERATE	higB	p.Asp30Glu
Chromosome	2209465	G	A	1.0	10	0,10	missense_variant	MODERATE	mce3A	p.Ala47Thr
Chromosome	2216443	C	A	1.0	13	0,13	missense_variant	MODERATE	mce3F	p.Ala396Glu
Chromosome	2221584	G	C	1.0	19	0,19	missense_variant	MODERATE	Rv1978	p.Ser226Thr
Chromosome	2241031	AGGTC	AGTC	1.0	11	0,11	frameshift_variant	HIGH	ctpF	p.Gly292fs
Chromosome	2244421	G	T	1.0	10	0,10	missense_variant	MODERATE	Rv1999c	p.Leu240Met
Chromosome	2245864	C	A	1.0	22	0,22	missense_variant	MODERATE	Rv2000	p.Pro219Gln
Chromosome	2264341	A	C	1.0	11	0,11	missense_variant	MODERATE	Rv2017	p.Glu115Ala
Chromosome	2264782	C	A	1.0	17	0,17	missense_variant	MODERATE	Rv2017	p.Ala262Glu
Chromosome	2269780	T	C	1.0	10	0,10	missense_variant	MODERATE	Rv2024c	p.Asp154Gly
Chromosome	2270102	A	G	1.0	10	0,10	missense_variant	MODERATE	Rv2024c	p.Trp47Arg
Chromosome	2282787	C	T	1.0	19	0,19	missense_variant	MODERATE	Rv2037c	p.Cys312Tyr
Chromosome	2283528	C	A	1.0	12	0,12	missense_variant	MODERATE	Rv2037c	p.Arg65Leu
Chromosome	2285251	C	A	1.0	22	0,22	missense_variant	MODERATE	Rv2039c	p.Val131Phe
Chromosome	2294007	T	C	1.0	17	0,17	missense_variant	MODERATE	Rv2047c	p.Thr174Ala
Chromosome	2296042	G	C	1.0	18	0,18	missense_variant	MODERATE	pks12	p.Pro3649Ala
Chromosome	2300546	A	T	1.0	15	0,15	missense_variant	MODERATE	pks12	p.His2147Gln
Chromosome	2302031	GCG	GCA	1.0	17	0,15	missense_variant	MODERATE	pks12	p.Arg1652Cys
Chromosome	2314689	C	A	1.0	14	0,14	missense_variant	MODERATE	rpmG1	p.Arg46Leu
Chromosome	2315386	C	A	1.0	14	0,14	missense_variant	MODERATE	Rv2059	p.His71Gln
Chromosome	2326362	A	C	1.0	11	0,11	missense_variant	MODERATE	blaC	p.Leu150Val
Chromosome	2328543	T	C	1.0	10	0,10	missense_variant	MODERATE	cobM	p.Ile145Met
Chromosome	2329533	A	G	1.0	8	0,8	missense_variant	MODERATE	cobL	p.Leu205Pro
Chromosome	2331789	G	T	1.0	12	0,12	missense_variant	MODERATE	Rv2075c	p.Pro364Gln
Chromosome	2335075	A	G	1.0	14	0,14	missense_variant	MODERATE	Rv2078	p.Glu6Gly
Chromosome	2335494	A	G	1.0	13	0,13	missense_variant	MODERATE	Rv2079	p.Tyr47Cys
Chromosome	2337179	C	T	1.0	11	0,11	stop_gained	HIGH	Rv2079	p.Gln609*
Chromosome	2338810	TA	CG	1.0	8	0,8	missense_variant	MODERATE	Rv2082	p.Lys35Glu
Chromosome	2339255	A	G	1.0	20	0,20	missense_variant	MODERATE	Rv2082	p.Thr183Ala
Chromosome	2340621	C	G	1.0	20	0,20	missense_variant	MODERATE	Rv2082	p.Pro638Arg
Chromosome	2344499	T	G	1.0	12	0,12	missense_variant	MODERATE	pknJ	p.Leu30Arg
Chromosome	2346318	G	A	1.0	21	0,21	missense_variant	MODERATE	pepE	p.Pro336Leu
Chromosome	2348446	C	G	1.0	15	0,15	missense_variant	MODERATE	Rv2090	p.Phe358Leu
Chromosome	2354791	A	G	1.0	9	0,9	missense_variant	MODERATE	pafB	p.Ser174Pro
Chromosome	2362041	C	A	1.0	20	0,20	missense_variant	MODERATE	helZ	p.Pro601Gln
Chromosome	2369186	G	C	1.0	15	0,15	missense_variant	MODERATE	prcA	p.Arg182Gly
Chromosome	2369326	C	G	1.0	14	0,14	missense_variant	MODERATE	prcA	p.Arg135Pro
Chromosome	2381572	ACCCCCAG	ACCCCAG	1.0	15	0,15	frameshift_variant	HIGH	PPE37	p.Ser170fs
Chromosome	2388641	G	A	1.0	25	0,25	missense_variant	MODERATE	ansP1	p.Gly9Asp
Chromosome	2399734	G	A	1.0	25	0,25	missense_variant	MODERATE	pyrD	p.Gly339Ser
Chromosome	2415656	G	C	1.0	9	0,9	missense_variant	MODERATE	murD	p.Arg247Gly
Chromosome	2421975	GCA	GGGAACA	1.0	10	0,10	frameshift_variant	HIGH	Rv2160A	p.Pro102fs
Chromosome	2440926	G	T	1.0	19	0,19	missense_variant	MODERATE	aroG	p.Asp265Glu
Chromosome	2442569	G	C	1.0	16	0,16	missense_variant	MODERATE	Rv2180c	p.Pro216Ala
Chromosome	2499726	G	A	1.0	11	0,11	missense_variant	MODERATE	Rv2226	p.Asp299Asn
Chromosome	2509140	G	C	1.0	8	0,8	missense_variant	MODERATE	cobD	p.Ser79Cys
Chromosome	2521428	A	G	1.0	8	0,8	missense_variant	MODERATE	accD6	p.Asp229Gly
Chromosome	2525722	CGGGGGAGGAC	CGGGGAGGAC	1.0	16	0,16	frameshift_variant	HIGH	Rv2250A	p.Gly109fs
Chromosome	2534562	GGAG	GG	1.0	20	0,20	frameshift_variant	HIGH	Rv2262c	p.Leu330fs
Chromosome	2546684	C	A	1.0	15	0,15	missense_variant	MODERATE	mazF8	p.Gly41Val
Chromosome	2548700	C	T	1.0	17	0,17	missense_variant	MODERATE	cyp121	p.His318Tyr
Chromosome	2551576	CT	GC	1.0	13	0,13	missense_variant	MODERATE	Rv2280	p.Ala6Gly
Chromosome	2558552	TCCACCG	TCACCG	1.0	22	0,22	frameshift_variant	HIGH	Rv2285	p.Pro361fs
Chromosome	2564368	GCA	GCCA	1.0	15	0,15	frameshift_variant	HIGH	Rv2293c	p.Ala222fs
Chromosome	2578626	A	G	1.0	21	0,21	missense_variant	MODERATE	Rv2307c	p.Met24Thr
Chromosome	2581052	G	A	1.0	23	0,23	missense_variant	MODERATE	Rv2308	p.Asp212Asn
Chromosome	2589036	G	C	1.0	12	0,12	missense_variant	MODERATE	uspA	p.Asp67His
Chromosome	2589216	G	C	1.0	13	0,13	missense_variant	MODERATE	uspA	p.Val127Leu
Chromosome	2601576	T	G	1.0	17	0,17	missense_variant	MODERATE	PE23	p.Ser282Arg
Chromosome	2601760	G	A	1.0	11	0,11	missense_variant	MODERATE	PE23	p.Ala344Thr
Chromosome	2608117	C	A	1.0	22	0,22	missense_variant	MODERATE	stp	p.Asp69Tyr
Chromosome	2612632	C	A	1.0	14	0,14	missense_variant	MODERATE	Rv2337c	p.Gly119Val
Chromosome	2614909	GCCGG	GCGG	1.0	25	0,25	frameshift_variant	HIGH	mmpL9	p.Gly74fs
Chromosome	2626513	TT	AG	1.0	11	0,11	missense_variant	MODERATE	esxP	p.Thr3Ser
Chromosome	2626678	A	C	1.0	17	0,17	missense_variant	MODERATE	Rv2348c	p.Ile101Met
Chromosome	2627618	C	A	1.0	20	0,20	missense_variant	MODERATE	plcC	p.Gly361Cys
Chromosome	2630740	T	C	1.0	16	0,16	missense_variant	MODERATE	plcA	p.Thr446Ala
Chromosome	2642383	C	T	1.0	21	0,21	missense_variant	MODERATE	Rv2360c	p.Ala66Thr
Chromosome	2656225	A	G	1.0	25	0,25	missense_variant	MODERATE	mbtH	p.Val69Ala
Chromosome	2660319	C	G	1.0	16	0,16	missense_variant	MODERATE	mbtF	p.Glu589Asp
Chromosome	2673818	C	G	1.0	18	0,18	missense_variant	MODERATE	mbtB	p.Val674Leu
Chromosome	2695378	C	G	1.0	11	0,11	missense_variant	MODERATE	cysW	p.Gly141Ala
Chromosome	2697489	C	T	1.0	21	0,21	missense_variant	MODERATE	subI	p.Ala76Thr
Chromosome	2704884	ACG	ACAGCGACCATATCGCCGAGCTCG	1.0	8	0,8	conservative_inframe_insertion	MODERATE	Rv2407	p.His63_Gly64insSerAspHisIleAlaGluLeu
Chromosome	2706663	G	T	1.0	21	0,21	missense_variant	MODERATE	PE24	p.Gly216Val
Chromosome	2723062	A	G	1.0	13	0,13	missense_variant	MODERATE	Rv2425c	p.Trp83Arg
Chromosome	2729058	A	C	1.0	8	0,8	missense_variant	MODERATE	Rv2433c	p.Leu26Arg
Chromosome	2734074	T	C	1.0	11	0,11	missense_variant	MODERATE	rbsK	p.Val282Ala
Chromosome	2734481	TAC	TC	1.0	9	0,9	frameshift_variant	HIGH	Rv2437	p.Tyr36fs
Chromosome	2751804	C	T	1.0	8	0,8	missense_variant	MODERATE	rpfE	p.Arg126Gln
Chromosome	2760152	A	G	1.0	10	0,10	missense_variant	MODERATE	mmuM	p.Tyr125Cys
Chromosome	2779136	T	C	1.0	18	0,18	missense_variant	MODERATE	gdh	p.Ser1043Gly
Chromosome	2786952	A	G	1.0	14	0,14	missense_variant	MODERATE	plsB2	p.Cys778Arg
Chromosome	2791098	C	T	1.0	9	0,9	missense_variant	MODERATE	Rv2484c	p.Gly466Asp
Chromosome	2793810	C	A	1.0	8	0,8	missense_variant	MODERATE	lipQ	p.Arg60Leu
Chromosome	2807486	C	A	1.0	22	0,22	missense_variant	MODERATE	Rv2492	p.Ala70Asp
Chromosome	2809621	T	C	1.0	8	0,8	missense_variant	MODERATE	bkdC	p.Thr107Ala
Chromosome	2809633	A	C	1.0	8	0,8	missense_variant	MODERATE	bkdC	p.Tyr103Asp
Chromosome	2816363	T	C	1.0	9	0,9	missense_variant	MODERATE	accA1	p.Asp173Gly
Chromosome	2817502	A	C	1.0	19	0,19	missense_variant	MODERATE	accD1	p.Phe325Val
Chromosome	2830525	C	A	1.0	18	0,18	missense_variant	MODERATE	Rv2513	p.Thr122Lys
Chromosome	2833329	G	A	1.0	18	0,18	missense_variant	MODERATE	Rv2516c	p.Ala62Val
Chromosome	2865760	A	G	1.0	11	0,11	missense_variant	MODERATE	Rv2542	p.Thr211Ala
Chromosome	2866217	C	G	1.0	12	0,12	missense_variant	MODERATE	Rv2542	p.Thr363Ser
Chromosome	2866607	G	A	1.0	30	0,30	missense_variant	MODERATE	lppA	p.Gly47Asp
Chromosome	2866876	ATTGCCG	GTTGTCA	1.0	18	0,18	missense_variant	MODERATE	lppA	p.IleAlaAla137ValValThr
Chromosome	2867230	GC	AT	1.0	10	0,10	missense_variant	MODERATE	lppB	p.Gly36Asp
Chromosome	2867236	ACCCC	GCCCT	1.0	10	0,10	missense_variant	MODERATE	lppB	p.Asn38Ser
Chromosome	2867245	A	C	1.0	10	0,10	missense_variant	MODERATE	lppB	p.Lys41Thr
Chromosome	2867251	CGCA	GGCG	1.0	10	0,10	missense_variant	MODERATE	lppB	p.ProHis43ArgArg
Chromosome	2867263	G	A	1.0	11	0,11	missense_variant	MODERATE	lppB	p.Gly47Asp
Chromosome	2867298	C	A	1.0	12	0,12	missense_variant	MODERATE	lppB	p.His59Asn
Chromosome	2867347	A	G	1.0	10	0,10	missense_variant	MODERATE	lppB	p.Gln75Arg
Chromosome	2867880	TAT	TT	1.0	21	0,21	frameshift_variant	HIGH	vapB18	p.Leu33fs
Chromosome	2871885	C	T	1.0	9	0,9	missense_variant	MODERATE	aroE	p.Gly44Asp
Chromosome	2880702	G	C	1.0	20	0,20	missense_variant	MODERATE	Rv2560	p.Val210Leu
Chromosome	2881527	C	T	1.0	14	0,14	missense_variant	MODERATE	Rv2561	p.Ser40Phe
Chromosome	2881597	AGGGGGGCA	AGGGGGCA	1.0	10	0,10	frameshift_variant	HIGH	Rv2561	p.Gln66fs
Chromosome	2881974	G	A	1.0	16	0,16	missense_variant	MODERATE	Rv2562	p.Ala73Thr
Chromosome	2884068	A	C	1.0	23	0,23	missense_variant	MODERATE	glnQ	p.Met243Leu
Chromosome	2888201	T	C	1.0	9	0,9	missense_variant	MODERATE	Rv2566	p.Leu610Pro
Chromosome	2891728	A	G	1.0	21	0,21	missense_variant	MODERATE	Rv2567	p.Gln645Arg
Chromosome	2910461	G	T	1.0	17	0,17	missense_variant	MODERATE	apt	p.Ala147Glu
Chromosome	2911293	C	G	1.0	10	0,10	missense_variant	MODERATE	Rv2585c	p.Cys462Ser
Chromosome	2925962	T	C	1.0	22	0,22	missense_variant	MODERATE	vapC40	p.Cys77Arg
Chromosome	2939373	G	C	1.0	12	0,12	missense_variant	MODERATE	Rv2611c	p.Ser197Cys
Chromosome	2939657	T	C	1.0	12	0,12	missense_variant	MODERATE	Rv2611c	p.Ile102Met
Chromosome	2948230	G	A	1.0	10	0,10	missense_variant	MODERATE	Rv2621c	p.Ala110Val
Chromosome	2954435	CATCT	TATCC	1.0	14	0,14	stop_gained	HIGH	Rv2627c	p.ArgTrp104*
Chromosome	2955142	TGGGGGGTGCA	TGGGGGTGCA	1.0	25	0,25	frameshift_variant	HIGH	Rv2628	p.Val31fs
Chromosome	2955957	A	C	1.0	17	0,17	missense_variant	MODERATE	Rv2629	p.Asp64Ala
Chromosome	2964645	C	T	1.0	11	0,11	missense_variant	MODERATE	Rv2638	p.Leu81Phe
Chromosome	2975227	T	G	1.0	9	0,9	missense_variant	MODERATE	Rv2650c	p.Asn3Thr
Chromosome	3003115	CAG	GAG	1.0	18	0,16	missense_variant	MODERATE	arsB1	p.Ala378Gly
Chromosome	3005185	G	T	1.0	8	0,8	missense_variant	MODERATE	Rv2688c	p.Pro156Thr
Chromosome	3009692	A	G	1.0	9	0,9	missense_variant	MODERATE	ceoB	p.Thr117Ala
Chromosome	3009834	A	G	1.0	14	0,14	missense_variant	MODERATE	ceoB	p.Asp164Gly
Chromosome	3010420	A	G	1.0	16	0,16	missense_variant	MODERATE	ceoC	p.Ile133Val
Chromosome	3010993	C	T	1.0	17	0,17	missense_variant	MODERATE	Rv2693c	p.Gly126Arg
Chromosome	3012950	G	T	1.0	11	0,11	missense_variant	MODERATE	Rv2696c	p.Ala220Glu
Chromosome	3017465	T	C	1.0	19	0,19	missense_variant	MODERATE	ppgK	p.Ile203Thr
Chromosome	3021892	GTTCGACGACTTCGACGACT	GTTCGACGACT	1.0	9	0,8	disruptive_inframe_deletion	MODERATE	Rv2709	p.Phe25_Asp27del
Chromosome	3027798	T	C	1.0	8	0,8	missense_variant	MODERATE	Rv2714	p.Val245Ala
Chromosome	3031168	A	G	1.0	13	0,13	missense_variant	MODERATE	Rv2719c	p.Tyr124His
Chromosome	3036826	C	T	1.0	19	0,19	missense_variant	MODERATE	fadE20	p.Val156Met
Chromosome	3041871	G	T	1.0	20	0,20	missense_variant	MODERATE	Rv2729c	p.Ala202Glu
Chromosome	3069167	A	G	1.0	23	0,23	missense_variant	MODERATE	hsdM	p.Leu306Pro
Chromosome	3078178	C	T	1.0	8	0,8	missense_variant	MODERATE	PE27	p.Val270Met
Chromosome	3079877	A	G	1.0	15	0,15	missense_variant	MODERATE	PPE44	p.Phe194Ser
Chromosome	3080795	A	G	1.0	14	0,14	missense_variant	MODERATE	Rv2771c	p.Leu80Pro
Chromosome	3103682	T	C	1.0	8	0,8	missense_variant	MODERATE	pptT	p.Met87Val
Chromosome	3112877	G	A	1.0	12	0,12	missense_variant	MODERATE	Rv2804c	p.Ala73Val
Chromosome	3118000	A	G	1.0	12	0,12	missense_variant	MODERATE	Rv2812	p.Arg395Gly
Chromosome	3131960	G	A	1.0	16	0,16	missense_variant	MODERATE	Rv2824c	p.Ala252Val
Chromosome	3133054	CG	GC	1.0	9	0,9	missense_variant	MODERATE	Rv2825c	p.Ser162Cys
Chromosome	3133536	T	C	1.0	16	0,16	missense_variant	MODERATE	Rv2825c	p.Lys2Glu
Chromosome	3137058	G	A	1.0	22	0,22	missense_variant	MODERATE	vapB22	p.Ala56Val
Chromosome	3137736	G	T	1.0	12	0,12	missense_variant	MODERATE	echA16	p.Asp156Tyr
Chromosome	3144623	C	T	1.0	10	0,10	missense_variant	MODERATE	Rv2837c	p.Ser8Asn
Chromosome	3156201	CGGGTGTT	CGGGGTGTT	1.0	8	0,8	frameshift_variant	HIGH	cobB	p.Gly441fs
Chromosome	3173920	G	A	1.0	14	0,14	missense_variant	MODERATE	mapB	p.Ala33Val
Chromosome	3174496	A	G	1.0	22	0,22	missense_variant	MODERATE	Rv2862c	p.Cys50Arg
Chromosome	3176631	G	A	1.0	15	0,15	missense_variant	MODERATE	Rv2864c	p.Ser212Leu
Chromosome	3180988	C	A	1.0	10	0,10	missense_variant	MODERATE	rip	p.Val259Phe
Chromosome	3186860	T	G	1.0	9	0,9	missense_variant	MODERATE	dipZ	p.Tyr672Asp
Chromosome	3190145	TCCCCCCAT	TCCCCCAT	1.0	11	0,11	frameshift_variant	HIGH	Rv2879c	p.Glu3fs
Chromosome	3194241	CGC	CGGC	1.0	12	0,11	frameshift_variant	HIGH	Rv2885c	p.Gly438fs
Chromosome	3200282	C	T	1.0	9	0,9	missense_variant	MODERATE	Rv2891	p.Ala6Val
Chromosome	3205504	C	T	1.0	11	0,11	missense_variant	MODERATE	Rv2896c	p.Ala311Thr
Chromosome	3209156	G	A	1.0	16	0,16	missense_variant	MODERATE	fdhD	p.Ala84Val
Chromosome	3228143	G	T	1.0	11	0,11	missense_variant	MODERATE	Rv2917	p.Arg594Leu
Chromosome	3238119	CGTGGTGC	CGTGC	1.0	16	0,16	conservative_inframe_deletion	MODERATE	Rv2923c	p.Thr126del
Chromosome	3247316	C	G	1.0	12	0,12	missense_variant	MODERATE	ppsA	p.Asp624Glu
Chromosome	3249025	T	G	1.0	17	0,17	missense_variant	MODERATE	ppsA	p.Leu1194Arg
Chromosome	3276703	T	G	1.0	14	0,14	missense_variant	MODERATE	mas	p.Thr2005Pro
Chromosome	3301648	T	G	1.0	19	0,19	missense_variant	MODERATE	fadD29	p.Met270Leu
Chromosome	3304966	G	A	1.0	11	0,11	missense_variant	MODERATE	Rv2952	p.Gly176Arg
Chromosome	3316955	A	C	1.0	17	0,17	missense_variant	MODERATE	purU	p.Met143Leu
Chromosome	3326554	A	C	1.0	16	0,16	missense_variant	MODERATE	Rv2971	p.Asn152His
Chromosome	3331361	ACGCGCGCCGG	ACGCGCCGG	1.0	8	0,8	frameshift_variant	HIGH	Rv2975c	p.Arg84fs
Chromosome	3335708	G	C	1.0	11	0,11	missense_variant	MODERATE	Rv2979c	p.Pro14Arg
Chromosome	3338603	G	C	1.0	15	0,15	missense_variant	MODERATE	gpdA2	p.Pro133Ala
Chromosome	3358235	A	T	1.0	11	0,11	missense_variant	MODERATE	lppY	p.Met212Leu
Chromosome	3375165	A	C	1.0	10	0,10	missense_variant	MODERATE	Rv3015c	p.Phe167Cys
Chromosome	3402816	C	T	1.0	20	0,20	missense_variant	MODERATE	serB2	p.Gly116Glu
Chromosome	3408150	T	C	1.0	9	0,9	missense_variant	MODERATE	Rv3047c	p.Thr53Ala
Chromosome	3412611	T	C	1.0	21	0,21	missense_variant	MODERATE	nrdE	p.Gln519Arg
Chromosome	3420825	A	G	1.0	16	0,16	missense_variant	MODERATE	cyp136	p.Asp445Gly
Chromosome	3425854	C	T	1.0	14	0,14	missense_variant	MODERATE	ligB	p.Pro91Ser
Chromosome	3428917	C	A	1.0	18	0,18	missense_variant	MODERATE	cstA	p.Arg559Ser
Chromosome	3431828	CGGGAT	CGGAT	1.0	13	0,13	frameshift_variant	HIGH	Rv3067	p.Gly135fs
Chromosome	3435259	C	T	1.0	20	0,20	stop_gained	HIGH	Rv3071	p.Arg266*
Chromosome	3440464	TGTGG	GGTGC	1.0	18	0,18	missense_variant	MODERATE	Rv3077	p.Gly310Arg
Chromosome	3446699	C	G	1.0	14	0,14	missense_variant	MODERATE	Rv3081	p.Phe220Leu
Chromosome	3454263	C	G	1.0	11	0,11	missense_variant	MODERATE	Rv3087	p.Leu447Val
Chromosome	3466919	C	G	1.0	13	0,13	missense_variant	MODERATE	lipY	p.Gly58Ala
Chromosome	3480474	G	A	1.0	33	0,33	missense_variant	MODERATE	Rv3113	p.Gly134Glu
Chromosome	3480789	T	C	1.0	21	2,19	missense_variant	MODERATE	Rv3114	p.Ser11Pro
Chromosome	3485492	A	G	1.0	10	0,10	missense_variant	MODERATE	moaE1	p.Ile121Val
Chromosome	3486977	A	G	1.0	16	0,16	missense_variant	MODERATE	cyp141	p.Lys157Glu
Chromosome	3503895	C	T	1.0	19	0,19	missense_variant	MODERATE	Rv3137	p.Pro168Leu
Chromosome	3510120	T	G	1.0	15	0,15	missense_variant	MODERATE	PPE52	p.Lys400Gln
Chromosome	3518167	A	G	1.0	8	0,8	missense_variant	MODERATE	nuoG	p.Ile474Met
Chromosome	3518555	A	G	1.0	10	0,10	missense_variant	MODERATE	nuoG	p.Thr604Ala
Chromosome	3529067	G	C	1.0	17	0,17	missense_variant	MODERATE	PPE53	p.Arg33Gly
Chromosome	3530955	C	G	1.0	13	0,13	missense_variant	MODERATE	Rv3161c	p.Val62Leu
Chromosome	3556275	A	G	1.0	27	0,27	missense_variant	MODERATE	Rv3190c	p.Leu138Pro
Chromosome	3571828	G	C	1.0	15	0,15	missense_variant	MODERATE	nudC	p.Pro239Arg
Chromosome	3576231	T	C	1.0	10	0,10	missense_variant	MODERATE	Rv3201c	p.Gln269Arg
Chromosome	3577497	C	T	1.0	15	0,15	missense_variant	MODERATE	Rv3202c	p.Glu902Lys
Chromosome	3581414	A	G	1.0	13	0,13	missense_variant	MODERATE	Rv3204	p.Thr34Ala
Chromosome	3591063	T	C	1.0	20	0,20	missense_variant	MODERATE	Rv3213c	p.Lys144Glu
Chromosome	3597249	C	G	1.0	18	0,18	missense_variant	MODERATE	Rv3220c	p.Gly96Arg
Chromosome	3610391	AGT	ACGT	1.0	17	0,17	frameshift_variant	HIGH	tgs3	p.Ser267fs
Chromosome	3612813	T	C	1.0	13	0,13	missense_variant	MODERATE	Rv3236c	p.Thr102Ala
Chromosome	3625065	T	G	1.0	8	0,8	missense_variant	MODERATE	mtrB	p.Met517Leu
Chromosome	3626562	G	A	1.0	20	0,20	missense_variant	MODERATE	mtrB	p.Pro18Ser
Chromosome	3638093	G	A	1.0	13	0,13	missense_variant	MODERATE	pmmA	p.Ser206Leu
Chromosome	3643985	A	C	1.0	19	0,19	missense_variant	MODERATE	Rv3263	p.Glu270Ala
Chromosome	3652806	A	G	1.0	14	0,14	missense_variant	MODERATE	Rv3271c	p.Leu181Pro
Chromosome	3663476	A	G	1.0	16	0,16	missense_variant	MODERATE	accD5	p.Gln472Arg
Chromosome	3664457	C	A	1.0	11	0,11	missense_variant	MODERATE	Rv3282	p.Ala80Asp
Chromosome	3684319	G	A	1.0	19	0,19	missense_variant	MODERATE	atsB	p.Arg549Trp
Chromosome	3689523	G	T	1.0	16	0,16	stop_gained	HIGH	lpdA	p.Cys472*
Chromosome	3690016	A	G	1.0	11	0,11	missense_variant	MODERATE	lpdA	p.Leu308Ser
Chromosome	3704596	G	C	1.0	17	0,17	missense_variant	MODERATE	sdhD	p.Val54Leu
Chromosome	3704770	A	G	1.0	17	0,17	missense_variant	MODERATE	sdhD	p.Thr112Ala
Chromosome	3714211	G	T	1.0	13	0,13	missense_variant	MODERATE	sigJ	p.Pro41Gln
Chromosome	3714757	A	C	1.0	8	0,8	missense_variant	MODERATE	Rv3329	p.Gln122His
Chromosome	3716840	C	T	1.0	11	0,10	missense_variant	MODERATE	dacB1	p.Pro355Leu
Chromosome	3718357	C	T	1.0	13	0,13	missense_variant	MODERATE	sugI	p.Pro423Leu
Chromosome	3730466	A	G	1.0	16	0,16	missense_variant	MODERATE	PPE54	p.Ile2157Thr
Chromosome	3732344	G	A	1.0	26	0,26	missense_variant	MODERATE	PPE54	p.Ala1531Val
Chromosome	3735813	C	G	1.0	15	0,15	missense_variant	MODERATE	PPE54	p.Glu375Gln
Chromosome	3746409	A	G	1.0	15	0,15	missense_variant	MODERATE	PPE55	p.Leu2259Pro
Chromosome	3750177	AA	TC	1.0	10	0,10	missense_variant	MODERATE	PPE55	p.Phe1003Asp
Chromosome	3750185	CGAC	GGTG	1.0	10	0,10	missense_variant	MODERATE	PPE55	p.MetSer999IleThr
Chromosome	3750193	G	A	1.0	13	0,13	missense_variant	MODERATE	PPE55	p.Leu998Phe
Chromosome	3750205	CGACAT	TGACGG	1.0	15	0,15	missense_variant	MODERATE	PPE55	p.AsnValAsp992ThrValAsn
Chromosome	3750417	AAGCT	TAGCC	1.0	13	0,13	missense_variant	MODERATE	PPE55	p.SerPhe922GlyTyr
Chromosome	3754508	G	C	1.0	12	0,12	missense_variant	MODERATE	Rv3349c	p.Leu176Val
Chromosome	3762013	A	C	1.0	13	0,13	missense_variant	MODERATE	PPE56	p.Leu1697Arg
Chromosome	3778011	GG	AT	1.0	12	0,12	missense_variant	MODERATE	spoU	p.Arg92His
Chromosome	3785898	G	A	1.0	12	0,12	missense_variant	MODERATE	Rv3371	p.Ala323Thr
Chromosome	3798095	A	C	1.0	21	0,21	missense_variant	MODERATE	idsB	p.Val132Gly
Chromosome	3817117	C	A	1.0	15	0,15	missense_variant	MODERATE	Rv3399	p.Ala330Glu
Chromosome	3821845	G	T	1.0	23	0,23	missense_variant	MODERATE	Rv3402c	p.Ala16Glu
Chromosome	3826684	C	T	1.0	13	0,13	missense_variant	MODERATE	vapC47	p.Ser46Leu
Chromosome	3830349	C	T	1.0	12	0,12	missense_variant	MODERATE	guaB2	p.Ala391Thr
Chromosome	3842620	A	G	1.0	23	0,23	missense_variant	MODERATE	PPE57	p.Thr128Ala
Chromosome	3843407	CGGGGGTA	CGGGGTA	1.0	17	0,17	frameshift_variant	HIGH	PPE58	p.Gly126fs
Chromosome	3844756	GCCCCCAG	GCCCCAG	1.0	13	0,13	frameshift_variant	HIGH	Rv3428c	p.Gly405fs
Chromosome	3844992	T	A	1.0	9	0,9	missense_variant	MODERATE	Rv3428c	p.Ser327Cys
Chromosome	3847235	CTGC	TTTT	1.0	15	0,15	missense_variant	MODERATE	PPE59	p.SerAla24PhePhe
Chromosome	3859239	T	C	1.0	13	0,13	missense_variant	MODERATE	Rv3439c	p.Thr142Ala
Chromosome	3864995	T	C	1.0	10	0,10	missense_variant	MODERATE	eccC4	p.Ser1082Gly
Chromosome	3865243	G	T	1.0	13	0,13	missense_variant	MODERATE	eccC4	p.Ala999Asp
Chromosome	3870010	A	G	1.0	15	0,15	missense_variant	MODERATE	mycP4	p.Thr87Ala
Chromosome	3874722	ATTTAC	ATTAC	1.0	18	0,18	frameshift_variant	HIGH	Rv3453	p.Tyr108fs
Chromosome	3883178	A	C	1.0	18	0,18	missense_variant	MODERATE	rmlC	p.Glu115Asp
Chromosome	3884906	A	G	1.0	12	0,12	missense_variant	MODERATE	Rv3467	p.Lys315Glu
Chromosome	3885886	T	C	1.0	15	0,15	missense_variant	MODERATE	Rv3468c	p.Ile62Val
Chromosome	3888447	A	C	1.0	13	0,13	missense_variant	MODERATE	ilvB2	p.Leu119Arg
Chromosome	3893480	G	A	1.0	13	0,13	missense_variant	MODERATE	kgtP	p.Leu81Phe
Chromosome	3894509	CGCGA	GGCTC	0.5	14	2,12	missense_variant	MODERATE	PPE60	p.Lys30Gln
Chromosome	3894872	GGAG	CGCC	1.0	8	0,8	missense_variant	MODERATE	PPE60	p.Glu150Ala
Chromosome	3894883	A	T	1.0	8	0,8	missense_variant	MODERATE	PPE60	p.Tyr153Phe
Chromosome	3896340	T	G	1.0	25	0,25	missense_variant	MODERATE	Rv3479	p.Leu174Arg
Chromosome	3902318	ATTGG	ATTTGG	1.0	9	0,9	frameshift_variant	HIGH	Rv3483c	p.Asn165fs
Chromosome	3906311	G	A	1.0	16	0,16	missense_variant	MODERATE	lipF	p.Arg233Cys
Chromosome	3909235	G	C	1.0	20	0,20	missense_variant	MODERATE	otsA	p.Val334Leu
Chromosome	3952308	C	A	1.0	19	0,19	missense_variant	MODERATE	fadD19	p.Asp55Tyr
Chromosome	3952800	G	A	1.0	17	0,17	missense_variant	MODERATE	echA19	p.Gly86Asp
Chromosome	3958403	A	G	1.0	10	0,10	missense_variant	MODERATE	Rv3521	p.Asn295Asp
Chromosome	3959418	C	T	1.0	11	0,11	missense_variant	MODERATE	ltp4	p.Thr324Ile
Chromosome	3976595	G	T	1.0	15	0,15	missense_variant	MODERATE	kstD	p.Arg409Ser
Chromosome	3979990	C	G	1.0	20	0,20	missense_variant	MODERATE	ltp2	p.Val224Leu
Chromosome	3993058	G	A	1.0	19	0,19	missense_variant	MODERATE	fdxB	p.Gly125Glu
Chromosome	4005114	G	C	1.0	9	0,9	missense_variant	MODERATE	fadE32	p.Trp275Ser
Chromosome	4008747	A	G	1.0	10	0,10	missense_variant	MODERATE	hsaB	p.Ile179Thr
Chromosome	4016212	C	T	1.0	17	0,17	missense_variant	MODERATE	fadE34	p.Val1Met
Chromosome	4028616	C	A	1.0	15	0,15	missense_variant	MODERATE	Rv3586	p.Asn242Lys
Chromosome	4028752	A	G	1.0	15	0,15	missense_variant	MODERATE	Rv3586	p.Thr288Ala
Chromosome	4034827	C	T	1.0	15	0,15	missense_variant	MODERATE	lpqF	p.Ala159Val
Chromosome	4041581	C	T	1.0	23	0,23	missense_variant	MODERATE	lysS	p.Ala454Thr
Chromosome	4053050	A	G	1.0	8	0,8	missense_variant	MODERATE	Rv3611	p.Asn34Ser
Chromosome	4055801	G	A	1.0	28	0,28	missense_variant	MODERATE	espA	p.Thr192Ile
Chromosome	4059143	A	C	1.0	16	0,16	missense_variant	MODERATE	Rv3618	p.Glu149Ala
Chromosome	4060588	T	C	1.0	10	0,10	missense_variant	MODERATE	esxW	p.Thr2Ala
Chromosome	4089058	T	C	1.0	10	0,10	missense_variant	MODERATE	Rv3649	p.Leu93Pro
Chromosome	4095001	CGA	CA	1.0	14	0,14	frameshift_variant	HIGH	Rv3655c	p.Ser100fs
Chromosome	4107074	T	C	1.0	18	0,18	missense_variant	MODERATE	dppA	p.Gln4Arg
Chromosome	4115890	G	C	1.0	20	0,20	missense_variant	MODERATE	nth	p.Pro2Arg
Chromosome	4116610	G	A	1.0	18	0,18	missense_variant	MODERATE	crp	p.Asp45Asn
Chromosome	4120390	G	C	1.0	15	0,15	missense_variant	MODERATE	Rv3680	p.Gly199Ala
Chromosome	4133316	A	T	1.0	13	0,13	missense_variant	MODERATE	Rv3691	p.Thr267Ser
Chromosome	4156099	C	A	1.0	15	0,15	missense_variant	MODERATE	dnaQ	p.Val211Leu
Chromosome	4156503	C	T	1.0	20	0,20	missense_variant	MODERATE	dnaQ	p.Gly76Asp
Chromosome	4160371	C	A	1.0	29	0,29	missense_variant	MODERATE	recR	p.Gly44Cys
Chromosome	4162339	A	G	1.0	21	0,21	missense_variant	MODERATE	Rv3719	p.Thr12Ala
Chromosome	4165587	C	T	1.0	10	0,10	missense_variant	MODERATE	dnaZX	p.Arg382Gln
Chromosome	4167656	A	G	1.0	25	0,25	missense_variant	MODERATE	Rv3722c	p.Met158Thr
Chromosome	4169852	G	T	1.0	15	0,15	missense_variant	MODERATE	cut5b	p.Ala83Ser
Chromosome	4170739	G	C	1.0	15	0,15	missense_variant	MODERATE	Rv3725	p.Val176Leu
Chromosome	4170964	GGGTC	GAGGTC	1.0	15	0,15	frameshift_variant	HIGH	Rv3725	p.Gly251fs
Chromosome	4174131	G	C	1.0	15	0,15	missense_variant	MODERATE	Rv3727	p.Gly393Arg
Chromosome	4179089	C	T	1.0	11	0,11	missense_variant	MODERATE	Rv3729	p.Pro269Ser
Chromosome	4179831	AGC	ACC	1.0	20	0,18	missense_variant	MODERATE	Rv3729	p.Gln516His
Chromosome	4182695	G	A	1.0	11	0,11	missense_variant	MODERATE	ligC	p.Arg313His
Chromosome	4187817	A	G	1.0	17	0,17	missense_variant	MODERATE	Rv3737	p.Asp40Gly
Chromosome	4205120	A	G	1.0	21	0,21	missense_variant	MODERATE	proX	p.Leu85Pro
Chromosome	4205325	A	G	1.0	21	0,21	missense_variant	MODERATE	proX	p.Trp17Arg
Chromosome	4212832	GACCA	GA	1.0	18	0,18	disruptive_inframe_deletion	MODERATE	Rv3766	p.Thr181del
Chromosome	4215484	G	C	1.0	15	0,15	missense_variant	MODERATE	Rv3770c	p.Pro98Ala
Chromosome	4217557	A	G	1.0	12	0,12	missense_variant	MODERATE	hisC2	p.Thr142Ala
Chromosome	4218416	C	A	1.0	22	0,22	missense_variant	MODERATE	Rv3773c	p.Gly137Val
Chromosome	4221423	C	T	1.0	11	0,11	missense_variant	MODERATE	Rv3776	p.Ser112Leu
Chromosome	4223172	T	C	1.0	10	0,10	missense_variant	MODERATE	Rv3777	p.Val160Ala
Chromosome	4229167	T	C	1.0	19	0,19	missense_variant	MODERATE	glfT1	p.Val274Ala
Chromosome	4234960	A	C	1.0	17	0,17	missense_variant	MODERATE	Rv3788	p.Ile61Leu
Chromosome	4247429	A	G	1.0	13	0,13	missense_variant	MODERATE	embB	p.Met306Val
Chromosome	4252066	T	C	1.0	12	0,12	missense_variant	MODERATE	fadE35	p.Ser328Pro
Chromosome	4256210	G	T	1.0	20	0,20	missense_variant	MODERATE	pks13	p.Ala1646Asp
Chromosome	4258955	T	G	1.0	12	0,12	missense_variant	MODERATE	pks13	p.Tyr731Ser
Chromosome	4262388	C	T	1.0	15	0,15	missense_variant	MODERATE	fadD32	p.Gly227Ser
Chromosome	4267647	T	C	1.0	9	0,9	missense_variant	MODERATE	aftB	p.Asp397Gly
Chromosome	4284429	G	A	1.0	23	0,23	missense_variant	MODERATE	papA2	p.Pro466Leu
Chromosome	4298546	C	T	1.0	10	0,10	missense_variant	MODERATE	pks2	p.Gly354Ser
Chromosome	4301075	G	C	1.0	21	0,21	missense_variant	MODERATE	fadD23	p.Glu422Gln
Chromosome	4302036	T	C	1.0	16	0,16	missense_variant	MODERATE	Rv3827c	p.Thr252Ala
Chromosome	4303498	TGA	TGGA	1.0	19	0,19	frameshift_variant	HIGH	Rv3829c	p.His504fs
Chromosome	4304515	T	C	1.0	16	0,16	missense_variant	MODERATE	Rv3829c	p.Asp165Gly
Chromosome	4305063	GAAACT	GAAAACT	1.0	21	0,21	frameshift_variant	HIGH	Rv3830c	p.Ser208fs
Chromosome	4307179	G	A	1.0	13	0,13	missense_variant	MODERATE	Rv3833	p.Val105Ile
Chromosome	4311664	C	T	1.0	26	0,26	missense_variant	MODERATE	Rv3837c	p.Gly15Asp
Chromosome	4313128	C	T	1.0	18	0,18	missense_variant	MODERATE	Rv3839	p.Pro122Ser
Chromosome	4314800	G	A	1.0	16	0,16	missense_variant	MODERATE	glpQ1	p.His255Tyr
Chromosome	4322039	ACCGCA	ACGCA	1.0	17	0,15	frameshift_variant	HIGH	Rv3847	p.Ala169fs
Chromosome	4326676	G	C	1.0	13	0,13	missense_variant	MODERATE	ethA	p.Ser266Arg
Chromosome	4326737	T	C	1.0	21	0,21	missense_variant	MODERATE	ethA	p.Gln246Arg
Chromosome	4351039	G	T	1.0	17	0,17	stop_gained	HIGH	PE35	p.Glu99*
Chromosome	4357597	C	G	1.0	15	0,15	missense_variant	MODERATE	espK	p.Cys729Ser
Chromosome	4357804	T	G	1.0	21	0,21	missense_variant	MODERATE	espK	p.Glu660Ala
Chromosome	4359653	C	T	1.0	25	0,25	missense_variant	MODERATE	espK	p.Asp44Asn
Chromosome	4366195	T	C	1.0	11	0,11	missense_variant	MODERATE	eccA2	p.Glu215Gly
Chromosome	4375628	G	T	1.0	19	0,19	missense_variant	MODERATE	PPE69	p.Thr19Lys
Chromosome	4378504	T	C	1.0	16	0,16	missense_variant	MODERATE	eccC2	p.Asp650Gly
Chromosome	4379044	CGGGGGTC	CGGGGTC	1.0	12	0,10	frameshift_variant	HIGH	eccC2	p.Arg470fs
Chromosome	4379680	C	G	1.0	18	0,18	missense_variant	MODERATE	eccC2	p.Arg258Pro
Chromosome	4382275	G	T	1.0	15	0,15	missense_variant	MODERATE	Rv3896c	p.Gln193Lys
Chromosome	4383655	A	G	1.0	10	0,10	stop_lost&splice_region_variant	HIGH	Rv3898c	p.Ter111Glnext*?
Chromosome	4393590	C	G	1.0	12	0,12	missense_variant	MODERATE	mutT4	p.Arg48Gly
Chromosome	4394509	C	A	1.0	20	0,20	missense_variant	MODERATE	Rv3909	p.Asp106Glu
Chromosome	4400660	ACCCGCCCGGA	ACCGCCCGGA	1.0	12	0,12	frameshift_variant	HIGH	sigM	p.Arg160fs
Chromosome	4407927	T	G	1.0	18	0,18	missense_variant	MODERATE	gid	p.Glu92Asp
