GENE	COUNT
lppB	7
PPE9	6
PPE55	6
rpoB	3
pks6	3
pks12	3
gyrA	3
espK	3
eccC2	3
Rv2082	3
Rv0194	3
Rv0064	3
PPE60	3
PPE54	3
uvrC	2
uspA	2
sigG	2
sdhD	2
pstA1	2
proX	2
prcA	2
ppsA	2
pks8	2
pks13	2
nuoG	2
mtrB	2
mmpL5	2
mmpL13a	2
lppA	2
lpdA	2
lldD2	2
lipI	2
katG	2
fusA2	2
ethA	2
eno	2
eccD3	2
eccC4	2
dnaQ	2
cycA	2
ctpV	2
ceoB	2
bkdC	2
atsD	2
aceAa	2
Rv3829c	2
Rv3729	2
Rv3725	2
Rv3586	2
Rv3428c	2
Rv2825c	2
Rv2611c	2
Rv2561	2
Rv2542	2
Rv2079	2
Rv2037c	2
Rv2024c	2
Rv2017	2
Rv1944c	2
Rv1739c	2
Rv1730c	2
Rv1716	2
Rv1588c	2
Rv1378c	2
Rv1128c	2
Rv1046c	2
Rv0907	2
Rv0457c	2
Rv0338c	2
Rv0209	2
Rv0197	2
Rv0104	2
Rv0095c	2
Rv0045c	2
Rv0012	2
PPE32	2
PPE31	2
PE23	2
yrbE1B	1
vapC47	1
vapC40	1
vapB22	1
vapB18	1
trpG	1
treX	1
tkt	1
thiG	1
tgs3	1
tesB1	1
tatD	1
tatB	1
tal	1
sugI	1
subI	1
stp	1
sseC2	1
spoU	1
sigM	1
sigJ	1
serB2	1
serA2	1
rskA	1
rpsL	1
rpmG1	1
rpfE	1
rmlC	1
rip	1
recR	1
recF	1
rbsK	1
pyrD	1
purU	1
purF	1
ptrBa	1
pta	1
pssA	1
prpD	1
pptT	1
ppgK	1
ppdK	1
polA	1
pmmA	1
plsB2	1
plsB1	1
plcC	1
plcA	1
pks7	1
pks5	1
pks3	1
pks2	1
pknJ	1
pknH	1
pknG	1
pknB	1
pitA	1
pimE	1
phoR	1
pheS	1
pepE	1
pepC	1
papA2	1
pafB	1
oxyS	1
oxcA	1
otsA	1
oplA	1
opcA	1
ogt	1
nudC	1
nth	1
nrdZ	1
nrdE	1
nirB	1
ndh	1
narL	1
mycP4	1
mutT4	1
murD	1
mprB	1
moeX	1
moaE1	1
mmuM	1
mmpL9	1
mmpL2	1
mmpL12	1
mmpL10	1
mmaA2	1
metS	1
mce3F	1
mce3A	1
mce2F	1
mce2B	1
mce2A	1
mce1R	1
mce1F	1
mce1D	1
mce1A	1
mbtH	1
mbtF	1
mbtB	1
mazF8	1
mazF3	1
mas	1
mapB	1
mak	1
lysS	1
ltp4	1
ltp2	1
lprP	1
lprF	1
lpqM	1
lpqF	1
lppY	1
lipY	1
lipU	1
lipQ	1
lipJ	1
lipF	1
ligC	1
ligB	1
leuS	1
kstD	1
kgtP	1
kdpD	1
ino1	1
iniA	1
impA	1
ilvB2	1
idsB	1
hycD	1
hsdM	1
hsaB	1
hisH	1
hisC2	1
higB	1
hemK	1
helZ	1
hddA	1
guaB2	1
grcC2	1
grcC1	1
gpdA2	1
glyA1	1
glpQ1	1
glnQ	1
glfT1	1
gid	1
ggtA	1
gdh	1
gcvH	1
galU	1
galTb	1
galK	1
furA	1
fucA	1
frdC	1
fdxB	1
fdhD	1
fadH	1
fadE35	1
fadE34	1
fadE32	1
fadE20	1
fadE17	1
fadD6	1
fadD34	1
fadD32	1
fadD31	1
fadD30	1
fadD29	1
fadD25	1
fadD23	1
fadD19	1
fadD11.1	1
fadB5	1
fadA	1
esxW	1
esxP	1
espA	1
ephF	1
ephB	1
embB	1
echA4	1
echA19	1
echA16	1
eccE3	1
eccC3	1
eccB3	1
eccA3	1
eccA2	1
dppA	1
dnaZX	1
dnaB	1
dipZ	1
dinG	1
dacB1	1
cysW	1
cysK2	1
cyp143	1
cyp141	1
cyp138	1
cyp136	1
cyp132	1
cyp121	1
cut5b	1
ctpI	1
ctpH	1
ctpF	1
ctpB	1
cstA	1
crp	1
corA	1
cobM	1
cobL	1
cobD	1
cobB	1
ceoC	1
celA2b	1
ccsA	1
carA	1
blaC	1
bisC	1
bioD	1
betP	1
atsB	1
atpC	1
arsB1	1
aroG	1
aroE	1
apt	1
ansP1	1
alkA	1
aldA	1
aftB	1
accD6	1
accD5	1
accD2	1
accD1	1
accA1	1
TB8.4	1
Rv3909	1
Rv3898c	1
Rv3896c	1
Rv3847	1
Rv3839	1
Rv3837c	1
Rv3833	1
Rv3830c	1
Rv3827c	1
Rv3788	1
Rv3777	1
Rv3776	1
Rv3773c	1
Rv3770c	1
Rv3766	1
Rv3737	1
Rv3727	1
Rv3722c	1
Rv3719	1
Rv3691	1
Rv3680	1
Rv3655c	1
Rv3649	1
Rv3618	1
Rv3611	1
Rv3521	1
Rv3483c	1
Rv3479	1
Rv3468c	1
Rv3467	1
Rv3453	1
Rv3439c	1
Rv3402c	1
Rv3399	1
Rv3371	1
Rv3349c	1
Rv3329	1
Rv3282	1
Rv3271c	1
Rv3263	1
Rv3236c	1
Rv3220c	1
Rv3213c	1
Rv3204	1
Rv3202c	1
Rv3201c	1
Rv3190c	1
Rv3161c	1
Rv3137	1
Rv3114	1
Rv3113	1
Rv3087	1
Rv3081	1
Rv3077	1
Rv3071	1
Rv3067	1
Rv3047c	1
Rv3015c	1
Rv2979c	1
Rv2975c	1
Rv2971	1
Rv2952	1
Rv2923c	1
Rv2917	1
Rv2896c	1
Rv2891	1
Rv2885c	1
Rv2879c	1
Rv2864c	1
Rv2862c	1
Rv2837c	1
Rv2824c	1
Rv2812	1
Rv2804c	1
Rv2771c	1
Rv2729c	1
Rv2719c	1
Rv2714	1
Rv2709	1
Rv2696c	1
Rv2693c	1
Rv2688c	1
Rv2650c	1
Rv2638	1
Rv2629	1
Rv2628	1
Rv2627c	1
Rv2621c	1
Rv2585c	1
Rv2567	1
Rv2566	1
Rv2562	1
Rv2560	1
Rv2516c	1
Rv2513	1
Rv2492	1
Rv2484c	1
Rv2437	1
Rv2433c	1
Rv2425c	1
Rv2407	1
Rv2360c	1
Rv2348c	1
Rv2337c	1
Rv2308	1
Rv2307c	1
Rv2293c	1
Rv2285	1
Rv2280	1
Rv2262c	1
Rv2250A	1
Rv2226	1
Rv2180c	1
Rv2160A	1
Rv2090	1
Rv2078	1
Rv2075c	1
Rv2059	1
Rv2047c	1
Rv2039c	1
Rv2000	1
Rv1999c	1
Rv1978	1
Rv1948c	1
Rv1936	1
Rv1927	1
Rv1920	1
Rv1904	1
Rv1895	1
Rv1888c	1
Rv1885c	1
Rv1883c	1
Rv1815	1
Rv1812c	1
Rv1775	1
Rv1769	1
Rv1687c	1
Rv1647	1
Rv1634	1
Rv1597	1
Rv1592c	1
Rv1532c	1
Rv1520	1
Rv1517	1
Rv1508c	1
Rv1505c	1
Rv1502	1
Rv1498c	1
Rv1489	1
Rv1486c	1
Rv1463	1
Rv1461	1
Rv1459c	1
Rv1458c	1
Rv1453	1
Rv1443c	1
Rv1439c	1
Rv1431	1
Rv1374c	1
Rv1373	1
Rv1367c	1
Rv1364c	1
Rv1321	1
Rv1320c	1
Rv1313c	1
Rv1258c	1
Rv1248c	1
Rv1232c	1
Rv1230c	1
Rv1225c	1
Rv1219c	1
Rv1218c	1
Rv1217c	1
Rv1215c	1
Rv1186c	1
Rv1179c	1
Rv1157c	1
Rv1154c	1
Rv1125	1
Rv1086	1
Rv1048c	1
Rv1045	1
Rv0990c	1
Rv0987	1
Rv0964c	1
Rv0959	1
Rv0958	1
Rv0945	1
Rv0927c	1
Rv0923c	1
Rv0922	1
Rv0918	1
Rv0893c	1
Rv0891c	1
Rv0890c	1
Rv0888	1
Rv0881	1
Rv0874c	1
Rv0862c	1
Rv0845	1
Rv0836c	1
Rv0829	1
Rv0825c	1
Rv0812	1
Rv0787	1
Rv0785	1
Rv0767c	1
Rv0699	1
Rv0697	1
Rv0679c	1
Rv0658c	1
Rv0633c	1
Rv0576	1
Rv0575c	1
Rv0572c	1
Rv0565c	1
Rv0556	1
Rv0538	1
Rv0537c	1
Rv0493c	1
Rv0465c	1
Rv0455c	1
Rv0428c	1
Rv0412c	1
Rv0398c	1
Rv0395	1
Rv0376c	1
Rv0373c	1
Rv0368c	1
Rv0325	1
Rv0324	1
Rv0323c	1
Rv0318c	1
Rv0316	1
Rv0315	1
Rv0311	1
Rv0293c	1
Rv0263c	1
Rv0259c	1
Rv0226c	1
Rv0223c	1
Rv0221	1
Rv0210	1
Rv0193c	1
Rv0192	1
Rv0185	1
Rv0178	1
Rv0128	1
Rv0094c	1
Rv0090	1
Rv0078A	1
Rv0068	1
Rv0063	1
Rv0061c	1
Rv0048c	1
Rv0024	1
Rv0008c	1
PPE8	1
PPE7	1
PPE69	1
PPE6	1
PPE59	1
PPE58	1
PPE57	1
PPE56	1
PPE53	1
PPE52	1
PPE44	1
PPE37	1
PPE35	1
PPE34	1
PPE33	1
PPE3	1
PPE21	1
PPE20	1
PPE2	1
PPE18	1
PPE17	1
PPE1	1
PE35	1
PE3	1
PE27	1
PE24	1
PE10	1
ANN[0].GENE	1
